,location number,chromosome,location of SNP,ensembl_gene_id,external_gene_name,max_JS_score,sample,A,C,G,T
0,1,22,22759039,ENSG00000211666,IGLV2-14,0.644,sample 1,11,3,0,0
1,1,22,22759039,ENSG00000211666,IGLV2-14,0.644,sample 3,28,0,33,1
2,2,22,22381087,ENSG00000211651,IGLV1-44,0.796,sample 1,2,0,9,0
3,2,22,22381087,ENSG00000211651,IGLV1-44,0.796,sample 3,67,0,1,2
4,2,22,22381087,ENSG00000211651,IGLV1-44,0.796,sample 5,19,0,0,0
5,3,X,48458999,ENSG00000017483,SLC38A5,0.601,sample 1,11,0,14,0
6,3,X,48458999,ENSG00000017483,SLC38A5,0.601,sample 3,40,0,0,0
7,4,21,37105029,ENSG00000182670,TTC3,0.602,sample 1,10,0,0,0
8,4,21,37105029,ENSG00000182670,TTC3,0.602,sample 3,7,0,9,0
9,5,22,22712992,ENSG00000211662,IGLV3-21,0.655,sample 1,16,0,1,0
10,5,22,22712992,ENSG00000211662,IGLV3-21,0.655,sample 5,14,23,0,0
11,6,22,41358305,ENSG00000100403,ZC3H7B,0.603,sample 1,3,10,0,0
12,6,22,41358305,ENSG00000100403,ZC3H7B,0.603,sample 5,9,1,0,0
13,7,22,41867075,ENSG00000198911,SREBF2,0.603,sample 1,0,39,0,5
14,7,22,41867075,ENSG00000198911,SREBF2,0.603,sample 3,0,16,0,59
15,8,22,22381079,ENSG00000211651,IGLV1-44,0.796,sample 1,0,2,0,9
16,8,22,22381079,ENSG00000211651,IGLV1-44,0.796,sample 3,0,68,0,1
17,8,22,22381079,ENSG00000211651,IGLV1-44,0.796,sample 5,0,19,0,0
18,9,22,46535504,ENSG00000075275,CELSR1,0.713,sample 1,0,4,10,0
19,9,22,46535504,ENSG00000075275,CELSR1,0.713,sample 3,0,37,0,0
20,9,22,46535504,ENSG00000075275,CELSR1,0.713,sample 5,0,5,10,0
21,10,22,50289111,ENSG00000196576,PLXNB2,0.626,sample 1,1,31,0,5
22,10,22,50289111,ENSG00000196576,PLXNB2,0.626,sample 3,0,19,0,95
23,11,22,22713185,ENSG00000211662,IGLV3-21,0.628,sample 1,1,2,8,0
24,11,22,22713185,ENSG00000211662,IGLV3-21,0.628,sample 5,22,1,5,0
25,12,22,22381078,ENSG00000211651,IGLV1-44,0.796,sample 1,0,9,2,0
26,12,22,22381078,ENSG00000211651,IGLV1-44,0.796,sample 3,0,0,69,0
27,12,22,22381078,ENSG00000211651,IGLV1-44,0.796,sample 5,0,0,19,0
28,13,X,152971837,ENSG00000147394,ZNF185,0.708,sample 1,1,166,69,0
29,13,X,152971837,ENSG00000147394,ZNF185,0.708,sample 3,0,0,11,0
30,14,22,29507044,ENSG00000100296,THOC5,0.655,sample 1,0,0,0,12
31,14,22,29507044,ENSG00000100296,THOC5,0.655,sample 3,0,7,0,4
32,15,22,50295388,ENSG00000196576,PLXNB2,0.723,sample 1,0,0,11,0
33,15,22,50295388,ENSG00000196576,PLXNB2,0.723,sample 3,0,8,3,0
34,16,21,26930035,ENSG00000223563,,0.639,sample 1,10,0,0,0
35,16,21,26930035,ENSG00000223563,,0.639,sample 3,22,1,34,0
36,17,22,22358199,ENSG00000211648,IGLV1-47,0.652,sample 1,0,7,6,0
37,17,22,22358199,ENSG00000211648,IGLV1-47,0.652,sample 3,1,0,9,0
38,17,22,22358199,ENSG00000211648,IGLV1-47,0.652,sample 5,4,0,11,0
39,18,X,152972761,ENSG00000147394,ZNF185,0.648,sample 1,0,53,0,89
40,18,X,152972761,ENSG00000147394,ZNF185,0.648,sample 3,0,17,0,0
41,19,X,152972244,ENSG00000147394,ZNF185,0.706,sample 1,0,0,119,50
42,19,X,152972244,ENSG00000147394,ZNF185,0.706,sample 3,0,0,0,20
43,20,X,57448698,ENSG00000165591,FAAH2,0.655,sample 1,0,4,0,7
44,20,X,57448698,ENSG00000165591,FAAH2,0.655,sample 3,0,14,0,0
45,21,22,36301667,ENSG00000100345,MYH9,0.605,sample 3,0,0,15,13
46,21,22,36301667,ENSG00000100345,MYH9,0.605,sample 5,1,0,0,10
47,22,22,22358223,ENSG00000211648,IGLV1-47,0.655,sample 1,10,0,0,0
48,22,22,22358223,ENSG00000211648,IGLV1-47,0.655,sample 5,4,3,0,4
